2udT6qcXrYNdkwAqY8ZLGUJtL9UCno6bWsx5YoHpcnqo,Scam
J1yTiGyAd8eJHyZfP8DgNS8mdLgtNx7XFSTVrYPb3jn8,Scam
FL5GP3bHr5BuCrLGjvFGwkBJgny6JYfqwjg626HUEDZU,Scam
AM8mTdrytkFYHKuLSJRkoW27ak91pZKH6e9FLVvSCsEe,Scam
J9BFrBzftppntpaXcM1XvXVZAh57KYv9hJkDh5cu1Cwi,Scam
5sjbUm4XnKqTvZXg7YiCXMCv1C4DMpZHYEpKBPjj7N9R,Scam
4dtQEjtBEeQtn9UvUp8SbJfxn28QCFK9yyo76kzq6dRf,Scam
36WSpKD32i8UGv1Zsrtk2Q2iy3kKq2vwDypxvXmo4xkX,Scam
A2w8MWXaC65B8Hohc4c3nAuRGuXabsxpogfHFyzm1AjF,Scam
HVebepPof3vKwbr1LbYVd7oDZFWK37XzLjeQ9xkZka3t,Scam
2VejsfXiZMipddxfUJk8am5x8RaBJs8MSu7fBhRefciV,Scam
GMCTEsxAVpbN6Nfch47hEkTEDkbDS7Hztt9L53wv4FEr,Scam
HsspRGd6LAQNcKRSmNrxezn5y5z8mb2r8hJPzXajKYk1,Scam
Bc1E1gvmfHNunxUJu7KUw5QHpb7iUpJbPtdzSnoejpiU,Scam
D8WtEC7ZhE9MFtaHWDuYHCKgk5g4QbnJHrmMXcDJMA4i,Scam
EZA5TwraueJXAYtJkmAMC7ZLYMXtPtGu1wheysFLWok4,Scam
HuentKys2G44YqPX9uGQSoVkHFdfEKwhXXAKU8o3jned,Scam
7sXztNhcBzGpg5PY4nLMwyBh5tZL2Ld4Eenm9TFrTgm5,Scam
BFP4XuHU3UFiMf3dqE8Awvvry16N85JjG1mwdr3eC8wa,Scam
SgrQWEjtLZ9C8HiYT1UsygW9q3RyhxZ7n4b3Qjhmih7,Scam
GABEkA51DqYAEmTcEGNMEnv2ZR2cLLJ7eHG22r1ryA6m,Scam
4o9fUYVMpXqCCgN5hSpyePLW3T8RpLo3J2KJp3r9Eg7E,Scam
2bdYJZUSePx3VD2TfCzUju1vhDJRHHFXEGcvH1X24XDw,Scam
edJWD73LCcnGWqtHdmAXx28V7KeNa5LLRV3tePQFW5u,Scam
Fa1KnaevGEmVspj8oeZYiNZ3VU9UPo5Kmw7GBXP7s4iy,Scam
3nBCib3iNrgNTzXhVAT9uyo68RyZonQKwatYKAgp2J8e,Scam
HAAGD8CJpRaSaSev7FVeViaqY7FPvPoc6iEPVnG5PZ6h,Scam
2dqKaLYS8fGBckLmuyULHiNnYNWQxBkB8ehnfJ69EXa4,Scam
DoHN1xUDX8NkArj9b55XN74c11YZmHfTuqsufsRhn8a1,Scam
Dj392miTh3HvZ8W45XqENeS64bgjeHp6QV9NC6MDC11x,Scam
GUBasJovm6Gfx4xiVAJGWpQT6VZLCnvf12RFeZMqCe1w,Scam
H9TEXfm8fAEGf7LuR7x9yVF3FzdDSVrT7Zgkus72MELH,Scam
HscfxGu6vFkBudY8qJcU18cN3jcizRxuYTgGMNcCMJ3G,Scam
JBFbyB6mTqtPQjRspX8DukCTmVyeTT3CAzxLBixu4S6T,Scam
GwbYtXg3CguBnTQQWrpaSe8DJVFA2gwBwqDaKom3b5EB,Scam
EVnho8p7jwKdDUY4UBHknwaF4QVxYCMDNCNJNweShnYZ,Scam
CbqcrpSt38A66guCVKnaqZrccc4k94zHudZWEiuEgk1s,Scam
FhbGXSd34aGdBBEeyS2xNQKWT67tdH5rKtDLMhohACXT,Scam
5e2e5jSTrdrBteCinSEMnE83bfZMUdkX8GYC7ngs8QJ8,Scam
d8hq5dJER5rQSQYJn1n5YSm9PqoihkW4uZAutEKxgBo,Scam
C6vVwAqtk9Ewqh8BkxG7kR7bnz1MocUXiPQ9DxrTyydQ,Scam
HmAF5UKu5DeALjJBb4tKeAaCTHMAVTEKkURjpZbESf9Q,Scam
E56U1YKyPMBFFxxNZdnVXox6WTrS3MBtz38gLAwJj3mR,Scam
H9fSnpiDLVMM4E6wR3RbnFDd9zVyVSCRipxYamEy3dtS,Scam
H9fSnpiDLVMM4E6wR3RbnFDd9zVyVSCRipxYamEy3dtS,Scam
2QiYn7J3BSJFybQMH7GLEx3oaWBCwopCHnQvJ8FetGkF,Scam
DAxfPrTeLw1zsbrqyxFEe7rB1zHxU4hYwnvAqfRnVUvB,Scam
8NPsVsbMRR7TJFVsmnnwC3UXrgtRbu4NXSPxebUqYFhE,Scam
5AAvv98XDTJork9PNqytcmEaGrAAFn2rf3PqshMsaFud,Scam
DAxfPrTeLw1zsbrqyxFEe7rB1zHxU4hYwnvAqfRnVUvB,Scam
7ZvCXvjtwW9CmtYRfsKwpSEsT8XL88SYVH68y5xvWvBs,Scam
4ngdLTkAxvRMe9jBnso8KEJFKZZyN2uWoPqSmmgt9LSA,Scam
7Zg4Uice9dEL5vVbZzesoXybUEsnG2u8bk1jqpbh7HQp,Scam
9mWVEyzsFw5Z4rSLWMFGGj6hEEa7PZoqdndo9xEMjKsW,Scam
Gt1LemMvUn6WhsuX3XH1wAh3t3bC6vheaZTVA6b5zW7D,Scam
7q8DjdQw2tpc27mos3LZJNpmCcNbXDsrqLdSpZgdq1tA,Scam
BqXQXTZB31MxX9PdRnv3Jhy3NfAB4c7mgGui6EVvQ2cT,Scam
45E1gAaWwiV8aWb78QYTBZezcZbvkwsYeghcGNwsLL4w,Scam
F2i5DSN3Q3RxTCcPTYrKAjULMtGssZBuLBZgQ2AzPBZh,Scam
FxNkh3gT1aKyFGkodw2cHfF2enqxkus1wnwRYT9QZaY2,Scam
9S5jTZjeKqTTknyzJgJa3XJRck5Asbtk7D3HgS38SG4C,Scam
H25E6Ri2Gq8hpbuGaLSySp3EZocmztbwug5qiAfhXH7E,Scam
9pe8xstegAXTPfp2rRCwHQMQDQzDqQvFZMm239sBsxYi,Scam
Hgr6MREJ4TcGwYRgmtbDWme9cA4Me9hspJn5ZZyqDRwT,Scam
BiBP3YT9Y58WcCJchKAci5VoVHKvDbokMUbyaGCYXJQc,Scam
53FqdPPTummNhGi6UKCdcu4iK5Dg3NRgPHmeUJwPuUdL,Scam
DgpNjwKJe2BRkGS6ciuXAZStRhpnt9nAAoMfN6qamfP6,Scam
13KhAFU5UzKmh4eyzgggsN5i2b86Sm95dMM2XNAsccbq,Scam
FaJ3k94SpAVhjqjbe2gsHUAV8eL7HsYYCJZ1vFAmDtuZ,Scam
Aa5Y5qrE8gUPdt6gPMxKdZ1daQ3EkfFpKsvMt7YpHDeP,Scam
AkzHbD4bdUUW58hELrwMU8GrCrvaMhECvM2i39YVSf7p,Scam
5zEwJpdKZpnJ4tyNeH8Z8nizDREcHqsTr4z4bfob4ths,Scam
ABzFAmjJnN7DMd4M3QiXZjv7jFFPDMxsm4CGcpUaHhdj,Scam
FW4xm522Vn2PFEUHajbrYaRkf1Gz2oFsvzzaXevqhHiY,Scam
7W27LPKgZ7mJ1ieKQqi4LbeServHHqN34QCgkYYrhMD1,Scam
9ErgdZqQoR6kfAJVdKtFNCGJ9EYddva9MdPbow2CY24x,Scam
94YZDcqjDUJF9DFJA8uj2kzKGKx1ExVgWyzCJsxWFE7g,Scam
4MMY1wpeK615BVXp4gyPxJzacCeJCwr8cDUFzJTYhqKr,Scam
CEH3nW4JnJJJi7xm4THizhHU1aPNBf9XBFnKXWBJ11Vs,Scam
3AmuunR3hCh5JqiRC5zyJiVGCJWooNxVuKMBhmgDMX47,Scam
DBfjT5YhQTpoRV7dWjq1Sex8JCkdkDtZNorQpXrJ8anV,Scam
8FqFiEf6jJFtWZKtgR9UVpF7Pn2jG2t3YwBtXfkd2DVC,Scam
r1SgTEYZzLRfL1JPGAMQNn4Fir7aM1gf7XHbjNm66Tx,Scam
